Anio;Mes;Dia;Hora;Minuto;Segundo
1975;11;15;20;33;31
1975;4;24;12;44;13
1975;2;21;2;33;19
1975;3;10;4;10;42
1975;8;5;4;41;6
1975;10;14;20;1;45
1975;4;24;17;2;46
1975;12;3;4;11;45
1975;2;24;7;6;47
1975;8;27;11;58;50
1975;10;1;16;52;16
1975;1;8;19;28;8
1975;7;1;12;36;56
1975;12;8;14;31;26
1975;5;14;18;32;31
1975;7;11;20;35;33
1975;5;15;6;38;22
1975;10;23;11;35;6
1975;5;26;3;9;28
1975;8;7;21;44;42
1975;7;18;12;16;52
1975;12;25;12;50;27
1975;9;14;10;11;8
1975;4;25;20;32;11
1975;1;21;14;36;1
1975;3;16;13;32;39
1975;6;1;7;5;31
1975;7;18;16;39;39
1975;7;16;9;50;45
1975;1;11;7;23;25
1975;9;25;9;7;2
1975;8;4;20;53;22
1975;7;6;10;36;46
1975;3;9;14;36;57
1975;8;19;17;26;6
1975;1;22;11;45;48
1975;5;1;5;5;48
1975;7;22;12;48;4
1975;8;22;6;16;25
1975;7;6;15;11;39
1975;1;16;23;56;40
1975;8;10;22;45;32
1975;3;20;6;29;52
1975;5;16;15;27;22
1975;9;27;18;2;23
1975;1;27;14;53;34
1975;9;6;4;2;29
1975;11;15;18;36;2
1975;9;17;18;50;58
1975;5;9;12;30;9
1975;10;20;14;46;13
1975;8;6;15;8;3
1975;10;10;8;1;43
1975;1;6;4;57;55
1975;12;10;8;30;7
1975;12;3;12;58;18
1975;12;10;23;35;52
1975;6;20;10;1;34
1975;9;15;7;49;37
1975;1;26;8;5;30
1975;6;10;3;33;23
1975;10;20;20;5;56
1975;2;8;16;13;16
1975;1;19;15;9;29
1975;6;11;21;35;52
1975;11;24;7;58;5
1975;3;7;8;1;6
1975;2;15;13;55;49
1975;5;5;11;46;40
1975;8;26;8;32;45
1975;4;13;3;8;3
1975;9;2;21;3;3
1975;2;22;21;29;39
1975;9;13;16;7;20
1975;1;8;9;52;55
1975;6;10;18;51;34
1975;3;14;20;52;32
1975;8;25;5;26;23
1975;6;4;11;38;54
1975;5;5;7;50;13
1975;6;14;1;20;28
1975;10;19;7;51;16
1975;1;4;15;52;55
1975;10;16;13;29;12
1975;5;20;16;15;43
1975;2;17;9;15;15
1975;7;9;17;33;37
1975;10;2;13;58;7
1975;11;19;10;36;13
1975;7;26;2;1;32
1975;12;18;14;22;7
1975;12;13;5;29;25
1975;9;26;22;28;58
1975;11;2;19;53;28
1975;10;25;5;1;44
1975;4;27;18;24;54
1975;6;20;9;16;7
1975;11;11;17;51;21
1977;8;3;18;37;29
1977;12;15;12;1;24
1977;3;2;9;24;48
1977;2;7;14;31;48
1976;10;26;23;46;34
1977;4;13;7;11;40
1977;5;9;3;11;15
1976;3;11;23;57;55
1977;5;13;3;47;25
1976;8;21;10;32;30
1977;11;16;17;44;52
1977;1;3;16;1;11
1977;9;4;5;30;13
1977;11;22;14;54;51
1976;11;27;22;39;17
1976;6;5;18;24;8
1977;5;8;1;40;2
1976;11;14;6;52;19
1977;7;5;22;42;19
1976;11;13;23;48;38
1976;6;25;8;46;54
1976;5;3;6;58;10
1976;9;13;13;51;3
1976;2;13;11;56;47
1977;7;4;19;11;17
1976;9;18;11;34;34
1977;10;12;12;5;28
1976;12;17;13;34;9
1976;12;20;21;41;45
1977;2;22;21;57;32
1976;7;2;17;15;29
1976;1;1;16;4;47
1976;10;4;14;1;23
1976;8;5;18;35;18
1977;10;18;20;45;9
1977;11;18;16;6;56
1977;4;6;11;53;58
1976;8;22;17;55;32
1977;5;17;13;39;36
1977;11;23;13;7;36
1977;10;16;13;36;48
1977;9;15;7;22;41
1976;2;2;14;41;37
1977;2;9;16;52;5
1976;2;7;9;19;8
1977;11;27;1;54;46
1977;12;25;11;42;46
1977;10;20;22;9;39
1976;5;16;18;46;26
1976;7;20;13;1;33
1977;12;23;2;58;17
1977;7;3;15;13;32
1977;11;5;14;21;4
1976;12;20;10;57;13
1977;2;16;13;1;31
1977;8;3;5;10;50
1977;1;14;21;38;16
1977;6;20;19;25;54
1976;5;24;8;55;19
1977;6;9;15;56;40
1977;9;8;15;57;8
1977;2;20;3;31;5
1976;1;26;20;3;24
1977;10;16;6;25;20
1976;6;21;13;15;49
1976;9;21;12;40;46
1977;9;7;9;30;12
1976;6;11;6;35;32
1977;9;6;15;53;11
1977;6;26;16;16;12
1976;7;16;20;11;42
1977;6;22;21;54;53
1976;10;1;5;41;19
1977;7;26;13;1;49
1977;8;18;22;22;51
1976;4;8;5;30;38
1976;4;9;6;35;49
1977;10;19;10;51;41
1976;7;2;9;24;49
1976;10;13;8;25;24
1977;10;3;13;9;12
1976;3;19;12;35;26
1977;7;24;23;58;18
1976;9;27;16;33;23
1977;2;22;1;11;20
1976;7;18;22;9;45
1977;8;22;18;57;45
1976;10;19;4;44;52
1976;9;22;23;55;52
1977;3;12;22;1;30
1977;7;4;2;44;27
1976;4;23;20;13;25
1977;9;22;17;44;34
1976;9;3;1;56;13
1977;3;11;18;46;5
1977;3;15;19;44;55
1977;6;21;15;16;31
1976;5;4;5;52;32
1978;1;25;21;46;31
1978;12;27;6;40;57
1978;1;6;6;39;24
1978;12;10;16;57;30
1978;8;10;15;56;22
1978;1;4;8;3;7
1979;4;12;14;22;8
1977;10;24;15;8;18
1979;12;14;17;43;38
1978;9;2;20;26;25
1979;12;5;11;25;19
1979;2;21;2;6;45
1978;8;11;4;14;24
1978;3;17;13;18;18
1977;1;5;17;8;13
1977;11;8;19;11;5
1978;2;27;22;46;8
1977;9;10;17;57;22
1978;4;14;14;32;10
1977;11;14;1;15;20
1978;1;3;22;50;12
1977;4;2;16;26;30
1977;12;7;10;22;45
1977;12;20;17;38;41
1979;4;3;13;14;28
1978;6;10;20;1;16
1979;4;27;18;53;56
1977;5;21;4;22;42
1978;3;2;1;43;50
1978;2;26;12;7;5
1978;12;7;14;6;15
1977;5;5;21;8;44
1977;12;13;18;4;33
1977;1;24;10;14;1
1978;11;25;13;26;43
1978;11;14;10;51;56
1978;8;4;22;13;40
1978;4;7;4;27;1
1979;4;5;4;57;44
1978;4;10;10;42;43
1979;6;23;12;37;24
1979;5;3;13;30;29
1978;6;4;15;34;22
1979;1;21;21;30;14
1977;4;26;6;44;8
1978;2;12;9;25;37
1978;5;25;20;39;9
1979;9;18;11;52;44
1977;10;21;4;37;7
1977;11;9;22;16;48
1979;3;13;20;18;46
1979;3;13;5;45;37
1979;2;19;23;34;46
1977;6;24;2;26;35
1979;10;19;6;41;47
1979;11;9;6;31;15
1978;7;24;1;12;12
1978;4;20;13;30;5
1977;8;23;12;16;1
1979;12;23;6;37;38
1979;2;19;17;53;1
1978;9;13;23;36;16
1977;7;3;19;31;16
1978;9;12;23;57;43
1977;3;21;10;12;57
1977;2;2;8;49;7
1978;10;12;12;44;24
1977;11;14;4;14;30
1978;2;6;12;42;50
1978;10;11;7;52;31
1977;9;2;16;38;30
1979;6;5;22;44;13
1977;11;9;17;56;57
1978;6;3;7;58;17
1979;3;15;2;37;55
1977;3;27;15;43;8
1978;2;6;8;36;32
1978;2;13;2;47;40
1977;12;1;3;7;40
1978;10;7;4;25;26
1979;10;7;23;13;56
1977;9;9;13;12;52
1978;4;3;13;54;57
1977;8;24;2;41;41
1979;8;18;21;18;16
1978;8;24;22;55;24
1979;2;12;12;15;42
1978;12;20;23;41;40
1977;7;1;10;47;26
1979;1;15;4;35;19
1979;8;27;19;43;13
1978;1;2;13;9;32
1978;8;18;10;52;30
1978;2;24;5;21;40
1979;10;16;18;19;25
1978;8;9;23;46;23
1979;11;18;17;49;51
1978;4;27;5;36;23
1980;9;27;16;35;35
1980;5;4;20;24;36
1979;3;21;15;29;17
1979;6;7;2;36;26
1979;11;18;22;2;56
1980;1;9;5;58;38
1980;4;13;12;24;27
1978;4;5;22;45;44
1980;5;6;12;40;24
1979;4;12;5;52;40
1980;9;17;16;10;14
1980;7;11;15;11;53
1979;3;18;5;26;13
1979;2;26;20;23;4
1978;11;18;7;3;37
1979;3;17;5;48;2
1979;7;17;1;53;39
1978;12;13;19;21;3
1979;7;18;11;1;4
1979;2;22;12;45;48
1980;9;4;13;31;25
1979;3;5;2;28;25
1978;6;3;1;13;31
1978;11;20;11;25;27
1981;7;15;21;1;44
1980;9;6;14;35;32
1980;9;26;17;41;4
1979;9;23;19;42;31
1979;6;20;6;3;24
1980;12;10;23;55;47
1980;10;8;3;24;31
1979;8;3;11;29;28
1979;12;4;17;42;50
1978;12;26;1;11;1
1979;12;16;1;54;32
1980;12;27;16;14;50
1979;2;27;21;57;44
1979;12;22;15;4;25
1980;7;24;6;3;7
1980;2;7;13;9;28
1981;10;2;21;34;2
1980;10;15;8;27;16
1980;3;10;21;50;3
1981;5;9;9;27;56
1979;6;18;11;5;13
1980;3;15;20;4;4
1980;12;23;13;40;24
1981;1;25;2;4;16
1979;3;13;8;57;44
1978;10;2;5;48;37
1980;7;7;8;42;55
1980;3;2;14;23;25
1980;4;8;5;54;2
1978;5;6;9;30;45
1981;12;18;14;36;12
1980;9;13;1;1;46
1979;5;15;12;39;44
1980;2;13;14;29;18
1979;2;13;5;12;20
1980;10;23;1;14;41
1980;6;8;14;22;20
1979;7;11;10;21;21
1978;10;14;16;9;42
1980;6;24;16;33;55
1979;6;10;8;46;18
1979;12;24;1;7;9
1979;12;27;11;54;36
1979;5;26;22;45;39
1979;6;2;6;19;33
1979;6;10;11;57;14
1979;10;8;2;39;32
1981;6;9;5;15;4
1979;9;2;6;7;31
1979;11;7;16;53;12
1981;11;26;17;51;3
1979;1;19;22;30;10
1980;9;16;20;29;9
1980;8;3;9;16;47
1978;5;24;9;58;32
1980;1;1;22;42;19
1981;11;17;14;46;52
1979;10;15;3;51;58
1980;10;2;10;45;26
1979;10;26;17;53;55
1981;4;18;10;41;7
1979;2;21;22;6;28
1980;1;10;5;3;55
1979;12;9;5;52;8
1978;1;14;18;44;30
1981;12;14;16;58;28
1980;1;10;1;14;55
1980;11;9;22;37;26
1979;8;6;22;29;32
1979;10;14;5;30;25
1980;5;24;1;6;6
1980;1;25;14;47;39
1981;9;19;4;6;25
1980;9;9;15;48;4
1981;11;7;20;39;29
1981;12;5;4;1;14
1981;9;10;8;46;4
1980;5;7;4;16;20
1980;6;12;3;37;30
1982;8;19;13;18;4
1982;5;2;17;13;42
1980;1;22;18;27;2
1982;5;6;18;5;35
1981;5;7;6;3;12
1982;11;25;6;38;51
1982;12;26;9;5;15
1981;6;19;9;33;47
1980;9;19;18;8;34
1980;11;22;9;4;22
1980;6;23;22;46;10
1981;8;11;3;53;32
1980;9;4;20;25;49
1981;5;22;1;14;22
1981;4;10;19;29;47
1982;11;1;7;28;27
1980;8;16;4;25;32
1979;7;13;5;27;14
1980;7;12;11;24;32
1982;4;1;1;2;51
1982;1;10;18;20;49
1982;11;14;17;12;32
1981;10;21;1;34;41
1981;10;10;11;5;40
1981;9;18;16;38;57
1981;5;13;9;45;19
1981;11;13;1;56;25
1980;8;5;4;35;50
1979;5;16;2;8;37
1981;2;21;11;8;13
1981;11;19;22;55;58
1980;2;16;19;33;36
1981;6;20;18;39;28
1981;10;18;1;5;33
1982;7;27;10;30;35
1982;8;24;13;21;53
1981;4;20;11;50;39
1981;7;6;20;8;58
1982;4;23;16;56;44
1981;4;7;16;42;56
1982;10;20;3;10;46
1981;4;14;14;15;6
1982;9;17;14;57;7
1980;6;22;13;34;34
1979;8;5;12;42;47
1982;10;14;1;29;47
1982;9;2;7;52;1
1981;3;13;3;15;55
1980;8;5;23;14;19
1982;12;12;13;54;7
1982;5;5;7;48;29
1981;7;11;22;8;19
1982;4;27;13;7;28
1981;5;22;15;41;39
1981;10;23;22;31;51
1981;1;21;21;44;33
1981;6;18;8;3;20
1980;10;19;22;30;30
1981;5;12;21;6;1
1981;10;23;6;3;51
1981;7;18;20;10;36
1981;1;18;17;23;48
1980;1;19;9;9;17
1981;9;18;16;25;28
1981;12;7;23;8;34
1981;3;24;3;48;21
1982;8;20;20;34;7
1981;7;1;1;46;13
1981;4;6;9;41;8
1983;2;16;3;14;23
1980;3;1;23;10;17
1982;4;5;3;44;46
1981;2;1;20;40;13
1980;4;16;22;13;39
1982;6;12;9;31;39
1983;6;25;5;27;48
1981;5;17;7;20;20
1981;12;27;18;1;9
1980;11;5;4;16;4
1982;10;26;9;40;29
1980;7;1;16;38;43
1982;5;3;19;17;51
1980;2;4;4;27;1
1979;5;15;8;19;57
1983;10;8;10;30;50
1981;11;24;19;56;1
1981;10;12;16;20;46
1980;9;17;21;57;42
1980;12;19;6;47;49
1981;5;4;16;44;57
1982;4;5;11;51;44
1982;5;10;10;34;22
1981;8;16;18;31;2
1982;12;25;16;14;53
1982;10;15;5;3;3
1983;5;17;13;31;56
1981;1;19;16;36;2
1982;8;23;16;52;5
1983;1;18;22;33;34
1983;10;18;19;15;12
1981;6;7;17;10;9
1983;7;11;2;53;3
1983;9;14;2;14;44
1984;6;7;7;41;5
1983;2;15;7;39;51
1983;5;16;22;58;15
1982;5;20;23;46;29
1982;12;25;21;32;40
1982;2;10;14;7;5
1982;4;15;22;52;54
1982;4;8;1;55;46
1983;7;22;1;58;20
1983;12;17;14;50;54
1984;11;19;11;14;13
1981;9;22;12;34;52
1980;6;5;9;36;56
1981;8;4;6;58;34
1983;3;23;10;23;23
1984;8;16;15;13;33
1984;10;7;11;48;35
1983;9;12;18;53;39
1982;7;11;18;26;44
1982;5;4;3;1;48
1983;10;7;8;47;27
1982;5;1;8;35;48
1981;10;6;2;26;10
1980;9;13;17;34;3
1982;8;1;10;46;39
1982;10;6;16;28;26
1982;4;5;18;15;48
1983;4;5;3;35;51
1982;1;5;1;49;34
1983;12;2;9;29;23
1983;12;16;8;50;30
1982;2;27;8;30;27
1983;11;24;21;1;56
1984;9;15;1;18;53
1983;1;19;14;57;7
1983;11;10;17;22;14
1983;6;24;9;36;4
1984;6;15;21;6;21
1982;7;4;3;37;46
1980;4;27;5;31;15
1984;8;13;11;21;38
1983;8;22;18;49;10
1983;7;12;13;19;24
1982;8;26;2;13;16
1983;11;26;20;17;34
1984;11;26;13;21;14
1983;9;19;12;11;27
1983;8;15;12;11;43
1983;5;15;21;17;22
1982;12;15;3;55;57
1983;2;3;15;28;21
1983;8;5;15;10;26
1981;9;25;20;27;16
1982;10;22;6;13;27
1983;6;25;1;40;7
1983;2;25;11;8;23
1982;12;25;6;55;57
1981;2;11;17;28;55
1982;9;7;18;20;55
1983;6;24;1;37;26
1982;8;17;13;18;9
1983;6;6;5;23;36
1983;11;23;6;38;34
1982;4;26;10;57;5
1985;6;11;15;9;39
1982;6;22;5;14;48
1983;6;27;6;2;32
1983;6;1;7;50;29
1981;6;20;15;42;56
1984;10;14;20;9;41
1984;2;8;7;40;33
1983;3;11;1;3;32
1982;1;19;6;20;11
1982;11;5;17;13;16
1984;10;16;8;20;31
1982;7;15;7;11;45
1984;4;14;13;37;36
1981;3;12;21;30;55
1980;5;3;12;23;37
1985;2;11;19;58;45
1983;12;6;23;15;38
1983;7;23;2;7;46
1981;3;26;3;17;20
1982;8;17;11;2;8
1982;8;4;2;27;32
1983;6;7;8;19;22
1983;12;6;5;2;42
1982;1;24;19;16;54
1983;12;8;2;42;33
1984;10;16;14;55;51
1984;4;17;11;31;12
1982;4;6;3;29;7
1983;12;13;15;57;51
1984;5;7;4;4;52
1984;8;8;21;31;6
1982;5;22;11;28;49
1985;9;27;13;57;16
1985;9;2;3;3;38
1986;2;23;18;18;22
1985;8;6;4;4;35
1984;7;19;13;39;49
1983;9;20;13;45;11
1984;8;26;20;56;34
1984;10;9;22;1;38
1983;12;11;2;43;32
1983;4;3;15;23;55
1985;2;25;7;51;16
1984;10;14;17;13;56
1985;5;6;7;37;30
1983;3;14;5;20;28
1981;8;2;15;1;40
1982;7;26;12;38;8
1985;4;7;6;33;42
1986;8;8;4;15;45
1986;8;24;19;39;18
1985;12;20;11;43;21
1984;9;4;14;27;44
1983;3;10;8;1;38
1984;8;1;5;52;49
1983;12;16;7;3;6
1982;11;11;16;38;4
1981;4;3;11;19;11
1983;6;19;13;57;21
1984;10;3;3;40;34
1984;10;15;22;2;45
1985;3;25;2;17;38
1983;3;15;14;51;47
1985;11;3;18;40;13
1984;2;21;8;39;24
1983;2;5;4;58;37
1984;11;27;10;11;38
1985;2;26;23;29;34
1985;4;16;21;12;27
1985;6;15;3;55;52
1984;4;20;8;27;18
1986;7;1;6;58;49
1984;3;23;23;56;37
1982;12;18;3;2;1
1986;12;17;18;34;22
1984;4;16;9;21;7
1984;3;10;2;2;34
1984;2;15;2;26;13
1985;7;16;10;39;37
1986;8;25;21;7;3
1984;2;20;9;50;33
1984;6;18;6;58;3
1984;1;11;21;16;15
1983;5;21;2;2;31
1985;3;4;17;40;21
1985;8;19;14;47;33
1983;1;13;12;53;36
1983;9;5;18;2;47
1985;2;21;21;57;36
1984;11;7;11;18;12
1984;4;21;15;6;22
1983;7;7;6;5;45
1983;12;7;12;27;41
1985;3;18;21;1;23
1983;1;20;23;20;44
1985;2;10;11;17;11
1985;1;19;11;18;24
1983;10;9;1;39;5
1987;6;22;21;34;45
1983;1;4;19;48;43
1985;3;16;4;30;20
1985;10;8;19;17;13
1982;6;27;3;25;23
1985;7;6;9;52;10
1986;2;7;16;46;47
1985;7;16;22;27;36
1984;11;4;2;36;11
1984;8;24;9;28;28
1985;7;19;17;38;25
1984;3;23;17;35;11
1985;11;6;17;52;3
1982;4;8;17;24;46
1982;4;17;23;35;36
1987;12;12;13;55;37
1984;1;7;9;4;51
1984;3;27;21;21;41
1983;3;2;2;23;22
1984;9;9;4;13;23
1983;9;27;12;53;8
1984;2;21;4;15;1
1985;11;4;23;39;55
1984;5;9;17;24;48
1984;10;10;5;22;31
1986;10;8;18;48;24
1986;3;15;20;55;44
1984;4;20;17;12;34
1984;1;23;19;36;18
1985;4;23;10;8;31
1986;11;22;17;43;45
1984;3;18;22;54;51
1986;3;18;12;3;28
1987;1;17;16;58;42
1988;1;5;1;58;45
1987;9;8;16;55;24
1985;4;15;21;22;9
1984;10;19;9;11;23
1985;8;22;3;51;28
1985;9;15;23;29;30
1985;8;2;6;9;54
1985;9;20;15;52;16
1987;4;9;1;38;17
1985;12;18;13;17;45
1987;6;8;13;5;16
1984;7;6;5;5;32
1983;9;20;19;57;28
1983;6;6;13;26;58
1987;4;18;22;55;10
1987;7;16;23;56;4
1987;11;1;19;34;54
1987;1;15;20;48;44
1986;4;23;7;46;50
1984;4;19;7;37;19
1986;11;6;1;54;11
1984;9;24;10;32;8
1983;6;4;14;52;47
1982;5;19;13;39;55
1985;5;16;23;39;37
1986;7;17;18;8;3
1985;11;23;9;4;5
1986;7;3;19;11;14
1984;7;11;21;12;49
1986;10;10;14;51;13
1986;6;12;4;48;45
1985;3;20;5;4;15
1986;7;21;17;37;50
1987;9;24;11;18;54
1986;6;8;15;6;53
1986;12;2;19;39;51
1986;7;24;18;19;27
1987;6;14;2;40;8
1985;5;5;1;9;12
1983;7;27;19;7;22
1987;9;5;16;38;40
1985;10;20;23;25;36
1986;5;24;3;50;35
1986;7;22;14;7;48
1987;10;10;17;39;36
1987;8;4;11;46;5
1985;7;2;23;57;33
1986;7;2;22;10;51
1985;3;25;23;13;35
1985;6;22;15;7;14
1987;2;6;16;14;12
1987;10;10;15;3;9
1984;9;2;18;56;1
1985;6;14;18;4;35
1987;9;21;3;51;55
1985;6;3;14;33;10
1986;4;1;22;12;30
1985;8;22;23;7;20
1985;6;15;5;57;48
1986;8;8;7;42;58
1984;4;27;3;25;38
1986;2;6;4;45;43
1986;8;12;20;35;17
1984;11;24;22;12;25
1988;10;10;14;45;14
1985;5;13;6;40;2
1987;2;11;15;53;36
1987;10;18;16;54;37
1983;11;12;22;51;28
1987;1;25;18;22;39
1987;5;15;19;13;19
1987;4;12;9;44;1
1986;6;24;19;11;46
1985;9;12;17;2;55
1986;4;6;6;23;20
1985;10;4;20;12;35
1986;5;4;19;26;37
1983;10;22;9;2;25
1983;8;8;20;47;21
1988;10;15;19;37;31
1986;7;23;8;25;50
1986;8;26;2;42;19
1985;5;20;13;53;25
1985;11;7;9;53;39
1984;1;7;6;55;16
1985;4;12;15;8;42
1987;2;10;15;45;22
1986;7;13;18;1;37
1986;1;15;10;52;43
1988;10;21;14;30;34
1987;4;24;18;26;40
1985;12;18;7;18;26
1986;6;9;6;35;14
1987;8;26;3;9;10
1988;8;27;9;14;22
1986;5;3;21;8;50
1987;8;12;12;1;45
1988;10;18;8;28;3
1989;10;24;2;13;10
1989;10;10;8;7;21
1986;9;15;2;31;16
1985;3;14;3;51;38
1986;6;17;13;51;33
1987;4;10;10;2;30
1987;11;16;13;13;18
1987;8;20;1;8;58
1988;11;12;8;23;15
1986;12;23;8;50;43
1989;2;18;3;7;5
1985;9;14;3;36;48
1985;9;11;18;11;53
1985;11;20;16;23;19
1989;7;26;4;11;26
1988;10;27;4;17;38
1988;11;13;15;34;36
1989;9;21;20;47;30
1988;10;16;5;52;30
1986;4;26;2;43;31
1987;2;24;17;20;53
1985;11;20;7;1;52
1985;7;14;8;5;14
1984;12;26;7;22;38
1986;7;20;11;9;2
1988;2;18;19;56;26
1986;5;1;16;24;31
1988;9;11;6;46;22
1985;9;10;20;11;54
1987;3;12;1;55;7
1988;3;14;15;53;45
1987;10;20;6;38;19
1988;6;8;18;27;18
1989;9;7;13;33;42
1987;1;26;19;32;11
1987;7;10;12;53;13
1987;9;10;11;5;14
1988;8;11;13;13;24
1987;5;25;9;30;13
1984;6;12;21;20;54
1989;5;6;20;55;9
1987;8;22;11;36;19
1988;9;12;2;47;2
1987;9;6;1;37;9
1988;11;2;4;24;6
1989;1;3;9;21;35
1987;8;17;14;29;12
1987;4;8;14;41;8
1986;6;6;18;16;52
1987;9;2;12;6;26
1988;6;10;9;1;14
1988;2;8;5;10;4
1985;11;4;18;21;14
1987;2;1;5;17;45
1989;11;5;11;50;15
1986;11;23;17;23;6
1988;8;5;21;28;32
1986;1;11;9;45;1
1987;7;15;5;49;6
1987;11;17;2;25;9
1986;12;9;1;24;10
1988;12;17;10;15;46
1988;10;13;16;32;17
1985;1;2;9;31;41
1989;9;15;22;45;35
1987;5;8;2;2;47
1988;11;19;22;26;35
1989;9;24;19;33;7
1984;7;11;15;42;6
1988;1;10;9;52;3
1989;9;2;15;19;16
1988;12;19;3;17;56
1987;7;9;3;58;34
1986;3;6;7;41;16
1987;10;9;19;17;35
1987;3;4;15;35;50
1988;7;11;23;50;14
1984;9;9;14;41;3
1985;9;2;19;56;19
1989;11;21;15;42;3
1988;7;13;22;52;31
1987;1;6;14;9;32
1987;9;10;22;14;34
1986;10;5;13;16;6
1985;7;3;5;1;7
1987;7;2;13;31;10
1988;8;4;1;11;13
1988;1;19;1;16;34
1988;2;14;3;25;18
1989;6;1;1;24;32
1988;5;19;21;35;28
1986;2;9;23;6;58
1988;10;6;4;25;55
1988;2;18;2;41;35
1990;3;9;4;36;1
1988;7;18;7;10;37
1988;10;10;12;28;2
1990;8;12;3;19;56
1990;6;5;15;43;16
1990;3;21;4;37;3
1987;10;7;2;16;28
1987;1;6;13;11;40
1987;9;4;2;51;42
1988;2;11;23;21;39
1989;10;10;3;23;45
1988;6;26;1;36;38
1990;10;10;5;7;26
1988;2;20;9;18;45
1991;10;4;1;14;45
1987;9;7;6;39;58
1986;1;24;19;13;42
1986;8;26;1;48;8
1990;4;2;18;36;23
1989;9;14;4;45;1
1989;7;14;20;9;30
1990;2;3;13;10;49
1989;1;2;14;7;25
1987;6;25;21;16;53
1988;2;25;11;13;11
1987;12;5;19;48;53
1986;10;1;23;49;27
1985;5;9;14;42;23
1988;5;11;14;47;26
1990;9;17;21;15;40
1988;10;22;10;38;57
1990;2;11;14;19;7
1986;5;11;6;41;38
1989;11;19;21;16;3
1989;3;16;12;11;37
1989;3;20;7;12;23
1990;9;2;16;46;38
1990;4;2;8;21;44
1988;6;12;1;35;35
1989;9;26;18;51;39
1988;5;25;7;27;53
1990;5;19;20;11;6
1988;12;23;3;47;30
1985;10;13;8;44;26
1991;4;21;14;39;40
1988;7;16;14;33;10
1989;12;5;15;2;50
1988;6;12;13;47;16
1990;8;5;14;2;46
1991;2;25;10;20;2
1989;8;2;22;36;23
1988;3;14;2;1;5
1987;5;21;14;17;26
1989;2;21;5;55;41
1990;10;14;6;11;35
1989;4;12;1;38;18
1986;3;10;8;10;11
1988;7;21;8;20;30
1990;6;23;12;57;19
1987;3;1;19;25;18
1990;10;27;1;14;8
1988;11;15;1;44;39
1989;11;3;8;5;43
1988;10;10;9;4;13
1987;4;5;6;9;46
1990;1;10;13;51;26
1990;2;14;5;27;16
1987;12;17;12;4;17
1991;1;1;20;47;27
1989;1;2;22;35;57
1990;5;22;23;39;46
1991;2;25;9;14;17
1986;1;4;18;52;44
1990;4;4;7;41;22
1991;8;19;14;45;24
1990;5;25;10;45;9
1988;7;13;7;38;51
1987;3;13;12;33;27
1989;6;9;1;6;24
1988;7;27;15;44;57
1989;10;15;11;58;46
1985;2;23;11;20;2
1986;10;6;2;38;16
1991;11;12;8;19;20
1990;9;18;5;12;56
1989;12;6;1;10;52
1988;7;12;1;12;55
1988;7;12;18;9;51
1987;5;26;22;22;20
1988;8;8;1;3;48
1990;8;24;23;48;30
1989;4;3;12;48;8
1990;1;27;5;50;19
1991;2;4;4;15;6
1989;5;15;18;34;54
1988;11;20;3;28;55
1990;12;10;5;12;35
1990;8;22;13;36;36
1991;5;20;2;11;40
1990;3;10;3;46;12
1989;1;18;1;30;54
1991;2;2;13;19;31
1992;4;4;3;51;52
1992;12;19;13;28;42
1989;3;8;7;52;57
1989;8;2;16;18;45
1988;1;2;8;23;36
1990;3;19;21;19;16
1991;3;10;4;38;49
1989;11;1;8;15;22
1991;12;11;9;48;55
1989;1;9;10;11;29
1992;4;1;21;47;14
1989;7;16;23;56;15
1988;8;20;22;7;22
1988;5;23;2;30;48
1991;2;11;22;53;50
1991;9;3;2;9;12
1990;3;26;21;10;55
1991;2;15;7;49;1
1991;6;8;5;14;55
1988;1;25;1;34;50
1990;12;17;14;5;19
1989;3;23;6;5;13
1987;7;19;17;58;19
1986;7;3;7;53;37
1989;5;8;17;39;56
1992;8;6;10;43;21
1989;11;18;3;28;12
1992;6;15;2;39;6
1987;7;13;5;14;42
1990;3;6;20;5;27
1991;11;8;22;46;58
1990;6;15;23;57;50
1992;5;2;10;34;54
1991;6;6;15;4;15
1990;6;3;20;58;57
1990;8;18;23;39;18
1989;7;6;23;44;22
1992;12;6;3;17;33
1990;4;15;8;33;53
1986;8;14;6;17;4
1993;10;10;13;54;44
1990;4;24;13;18;23
1990;3;17;3;26;27
1989;8;19;12;50;13
1991;6;27;4;10;19
1992;9;15;11;9;31
1990;4;2;17;44;12
1990;7;19;16;45;15
1989;5;12;7;2;49
1991;9;12;8;40;52
1992;3;2;11;13;55
1990;7;24;9;29;18
1987;4;13;9;38;2
1990;11;22;3;43;30
1991;2;21;20;17;3
1989;1;4;2;50;22
1992;5;9;6;33;15
1989;7;23;23;37;3
1991;1;5;10;13;25
1990;12;2;20;2;7
1989;3;27;16;22;2
1992;5;11;18;57;31
1992;1;4;16;43;11
1988;9;16;2;13;10
1993;2;26;9;21;28
1991;10;14;16;16;27
1991;6;16;16;53;29
1992;5;13;15;52;32
1988;12;14;17;34;32
1991;3;12;16;42;48
1993;11;20;2;9;7
1991;10;21;2;33;9
1989;4;2;17;22;32
1989;12;17;8;10;24
1990;4;13;15;4;1
1990;9;15;4;57;35
1991;7;15;14;30;5
1986;6;7;18;13;5
1987;11;7;9;54;24
1992;5;13;23;27;38
1991;9;2;21;4;54
1991;5;7;6;36;29
1989;2;10;9;11;18
1990;11;14;23;43;57
1988;4;3;4;23;22
1989;6;26;3;49;25
1991;3;20;17;26;34
1991;12;8;13;20;42
1991;3;3;6;51;55
1992;12;25;19;18;16
1991;2;5;4;56;24
1990;12;19;1;25;56
1991;8;23;1;10;19
1992;6;22;13;19;48
1992;8;12;12;15;16
1991;6;27;16;58;30
1991;5;27;7;4;31
1992;10;22;11;29;8
1993;2;6;2;6;36
1993;9;16;1;37;51
1991;10;14;5;55;35
1990;2;1;11;10;22
1989;12;17;3;7;43
1991;2;16;1;31;30
1993;11;9;3;52;52
1990;10;3;10;9;29
1993;2;23;19;43;57
1991;7;15;16;12;3
1994;5;6;16;42;12
1991;12;20;21;55;54
1990;7;13;17;2;23
1989;5;12;15;36;43
1992;3;1;8;56;52
1993;3;16;23;13;17
1992;7;3;18;20;39
1992;8;15;12;9;18
1993;9;1;9;45;34
1990;1;14;14;13;54
1991;7;7;15;19;56
1991;7;8;12;36;38
1989;7;22;15;34;10
1987;12;17;10;46;34
1990;9;25;14;22;58
1993;9;13;12;18;23
1990;5;22;17;47;51
1993;7;21;3;26;15
1989;6;22;8;13;21
1991;12;16;5;19;8
1992;6;15;15;53;6
1991;9;27;7;31;15
1994;4;10;12;44;55
1993;10;9;15;2;45
1991;8;16;14;56;8
1992;7;9;1;17;15
1990;8;25;9;45;34
1994;4;3;14;33;43
1992;1;1;12;56;2
1987;7;27;2;32;33
1995;11;5;22;28;30
1991;5;12;8;7;14
1992;2;12;3;35;52
1991;12;17;14;36;17
1992;5;17;13;28;28
1993;11;1;20;38;50
1992;7;14;18;15;45
1992;3;15;20;6;6
1990;1;9;2;1;2
1992;10;9;14;27;49
1994;7;27;11;12;54
1992;10;14;14;38;11
1988;4;22;11;54;38
1992;8;9;10;20;34
1993;8;14;21;25;21
1990;3;9;3;8;34
1994;8;15;14;46;5
1991;5;6;23;49;17
1992;1;1;10;48;38
1992;1;18;20;6;24
1990;1;12;11;23;55
1994;2;10;1;22;31
1993;9;1;9;6;55
1989;1;25;3;30;22
1995;7;7;15;25;27
1992;1;8;16;2;8
1992;1;5;11;5;14
1994;10;14;14;10;44
1989;12;12;9;42;39
1992;2;2;8;14;52
1995;4;18;12;34;6
1993;6;24;21;2;3
1991;4;12;21;44;21
1990;5;27;6;28;8
1992;6;17;15;39;13
1991;5;14;22;39;51
1992;8;22;21;57;36
1988;1;16;5;51;3
1989;9;16;4;27;47
1994;8;1;3;7;50
1993;10;8;20;5;31
1993;1;3;22;48;48
1990;5;6;3;12;2
1991;12;22;20;6;10
1990;7;4;17;39;58
1991;12;25;10;46;56
1992;7;2;10;11;10
1992;11;1;18;40;31
1993;9;5;12;34;8
1993;8;1;18;19;27
1992;2;9;13;47;35
1992;2;17;20;3;35
1993;5;1;13;35;19
1994;5;11;8;32;26
1994;6;23;5;52;31
1992;5;13;10;54;22
1993;5;19;12;56;53
1993;12;17;8;5;27
1995;3;15;13;42;47
1995;8;16;9;26;36
1993;5;17;5;19;6
1991;6;20;11;18;45
1990;4;13;21;26;50
1993;12;4;14;35;50
1994;3;18;23;7;25
1991;8;8;13;56;5
1994;10;3;15;19;23
1992;4;17;12;50;30
1995;3;17;1;27;1
1993;7;7;13;4;27
1991;2;3;11;9;18
1990;4;15;21;15;35
1993;10;1;7;47;56
1994;7;22;12;42;9
1994;9;19;4;31;36
1993;7;8;13;46;3
1994;12;21;12;12;23
1992;6;22;20;31;6
1993;9;16;23;33;25
1992;1;12;3;17;30
1990;6;25;13;21;26
1989;2;16;4;14;43
1991;1;6;5;47;47
1995;2;16;12;35;14
1991;9;20;3;24;20
1995;7;4;3;52;50
1991;3;21;20;47;24
1992;4;5;18;43;44
1994;3;27;20;31;40
1993;2;4;4;45;45
1995;4;23;15;23;33
1995;2;27;1;7;27
1993;11;20;7;12;18
1994;11;20;1;35;46
1992;4;21;22;30;23
1996;5;25;10;56;38
1993;11;25;4;18;23
1988;5;7;19;20;26
1997;4;27;13;52;17
1993;11;9;2;27;20
1993;3;24;4;11;57
1992;10;25;2;43;15
1994;1;15;7;6;37
1995;9;19;18;39;2
1993;6;24;22;9;40
1993;2;12;15;42;4
1991;9;15;15;31;57
1993;1;21;20;53;44
1995;2;6;16;12;22
1993;1;12;17;58;30
1990;1;17;13;22;35
1994;10;20;12;22;27
1994;5;6;12;56;7
1991;10;12;15;24;39
1995;6;9;6;23;27
1992;4;23;7;32;56
1994;4;13;10;14;15
1993;7;22;5;41;45
1992;5;16;13;5;22
1996;5;20;4;8;12
1994;7;2;13;6;18
1990;4;2;20;52;10
1997;11;14;22;54;45
1994;9;27;5;57;4
1993;4;6;9;45;27
1996;5;4;10;3;28
1991;11;22;13;11;27
1994;1;15;7;37;12
1997;7;9;5;36;31
1995;7;4;10;39;14
1992;2;6;21;22;44
1991;2;8;3;44;8
1993;10;21;22;29;9
1992;12;7;12;37;31
1994;11;1;20;54;18
1990;4;18;1;27;23
1991;7;9;5;15;43
1995;11;6;6;58;37
1994;2;27;22;57;42
1994;9;27;5;4;52
1992;11;22;23;44;13
1992;11;9;11;47;13
1992;3;1;10;38;10
1993;3;1;6;38;24
1993;4;27;2;31;49
1993;5;18;5;17;51
1994;10;12;5;55;26
1995;5;2;7;12;28
1994;3;16;18;8;38
1994;6;24;12;39;25
1995;12;26;12;24;45
1995;9;14;1;11;58
1995;6;2;11;14;55
1994;3;8;13;35;48
1994;7;7;10;17;5
1994;10;25;19;1;10
1997;3;22;3;33;4
1996;6;6;19;47;29
1994;5;12;14;27;45
1992;7;24;20;50;18
1991;1;10;11;21;21
1994;10;20;7;41;47
1996;1;23;13;32;18
1992;9;11;4;55;53
1996;8;12;7;26;42
1993;11;13;13;2;20
1996;2;26;19;6;33
1995;1;23;18;26;16
1993;2;19;13;11;15
1991;10;21;19;12;32
1995;5;4;3;36;34
1996;6;12;21;48;7
1996;5;14;7;13;45
1994;6;16;14;13;31
1995;5;8;5;13;32
1994;12;14;21;57;31
1994;6;7;16;18;29
1994;5;22;9;49;20
1991;8;20;8;21;23
1990;10;3;6;32;8
1993;1;23;9;37;2
1997;3;7;20;45;19
1992;5;12;5;7;14
1997;9;14;8;22;40
1992;12;25;14;22;42
1994;7;5;14;11;9
1996;12;24;7;2;54
1994;4;3;10;44;4
1996;2;1;23;9;9
1996;6;1;14;46;41
1994;6;26;13;9;36
1995;2;3;17;25;6
1994;9;16;9;41;12
1997;4;9;11;20;28
1994;7;8;7;8;57
1989;8;18;3;44;46
1999;10;9;22;13;16
1995;8;14;17;23;1
1994;12;7;9;18;55
1993;8;16;16;22;32
1995;10;13;19;43;21
1996;1;3;2;14;18
1995;1;2;17;52;23
1994;10;22;21;25;36
1993;11;14;20;52;30
1995;8;23;16;19;43
1997;4;6;22;51;55
1995;4;4;7;17;15
1991;3;3;17;15;22
1996;11;8;1;33;12
1995;10;17;20;39;39
1992;9;26;4;9;28
1997;1;23;13;5;56
1993;10;7;17;46;20
1996;9;21;22;57;28
1994;3;25;19;1;14
1994;9;8;22;53;27
1997;6;10;11;53;52
1996;8;18;4;4;19
1992;10;14;2;40;44
1999;7;4;11;19;48
1996;7;13;5;43;28
1995;5;26;10;1;1
1998;1;15;12;54;33
1993;6;18;22;47;23
1996;3;8;16;52;23
1998;11;14;9;25;12
1997;4;24;17;56;7
1993;1;4;1;15;45
1992;1;27;23;27;17
1994;1;17;6;15;3
1994;10;16;12;45;38
1995;11;23;19;26;34
1992;9;1;18;26;6
1992;11;7;4;7;23
1996;7;15;15;35;41
1996;6;26;19;9;19
1995;6;19;22;22;35
1993;10;9;7;17;56
1994;9;2;21;50;29
1994;5;2;8;2;13
1994;10;23;22;12;2
1994;1;1;11;17;43
1994;1;4;1;12;56
1995;5;22;8;30;51
1996;3;23;19;43;3
1996;8;6;3;51;5
1995;2;17;1;13;39
1997;1;12;6;42;49
1997;4;15;12;22;21
1996;3;19;15;19;53
1995;8;14;12;46;2
1996;10;22;20;45;47
1995;8;15;14;29;27
1999;10;20;23;16;26
1998;8;14;8;50;23
1996;2;12;16;40;1
1993;11;9;8;8;37
1993;4;11;22;19;12
1996;10;17;9;13;6
1998;7;10;8;15;21
1994;4;1;22;13;24
1998;4;22;10;39;9
1995;1;1;12;16;44
1998;10;4;15;48;12
1996;11;6;4;25;56
1995;11;17;4;2;58
1993;3;14;22;38;40
1997;9;18;22;52;23
1998;8;16;7;7;55
1998;1;26;16;47;6
1995;7;13;10;56;28
1997;8;23;9;15;29
1996;7;14;19;39;34
1996;7;12;14;52;57
1995;9;6;4;12;35
1993;8;10;4;6;56
1991;3;15;14;45;12
1994;1;14;18;52;37
1998;7;18;14;58;10
1994;6;17;8;53;45
1999;5;26;20;12;8
1993;3;26;2;50;29
1995;8;8;8;55;29
1998;10;24;23;31;14
1996;9;14;19;44;13
1997;2;11;11;42;12
1998;11;16;17;55;53
1995;7;20;4;54;31
1996;4;2;20;2;47
1996;8;15;18;27;20
1999;9;27;23;47;29
1996;10;23;15;58;18
1991;5;17;16;12;12
2000;8;10;14;55;5
1996;7;26;18;33;32
1995;12;27;9;29;2
1995;3;9;18;14;6
1996;12;12;11;13;25
1998;2;7;16;20;34
1997;2;9;6;28;16
1995;11;2;7;46;12
1994;12;24;8;11;5
1996;8;10;9;29;19
1999;3;2;23;42;9
1996;10;16;9;23;25
1992;7;1;10;38;24
1998;8;21;6;54;12
1996;11;20;15;41;15
1993;7;9;22;34;33
1998;3;25;17;8;23
1995;10;2;19;28;23
1998;11;8;1;51;11
1995;7;22;21;34;34
1996;11;10;16;51;17
1999;1;18;1;50;55
1998;12;23;9;28;1
1993;1;12;13;53;32
2000;10;25;14;7;24
1998;7;8;1;15;56
1997;3;6;1;51;12
2000;10;25;7;39;44
1995;3;19;22;27;26
1998;5;11;2;49;11
1999;4;22;5;31;39
1999;4;19;22;26;9
1994;6;4;2;28;6
1993;8;26;10;53;19
1995;10;17;8;42;55
1995;9;7;21;22;24
1997;10;16;8;8;44
1994;8;2;3;34;7
1994;10;7;2;15;52
1998;11;1;21;24;2
1998;1;15;9;44;34
1997;11;2;17;11;6
1994;9;10;19;50;50
1996;6;26;14;56;41
1995;11;23;2;45;30
1996;7;25;15;23;18
1996;10;24;6;38;3
1995;5;4;5;36;48
1997;5;18;21;8;47
1998;5;2;14;5;41
1997;8;26;12;2;40
1996;1;15;1;57;55
1998;11;13;2;19;8
1999;7;11;3;54;3
1997;9;18;10;32;20
1997;8;3;9;10;31
1997;10;1;1;37;19
1996;10;3;18;5;45
2001;4;7;10;36;3
1999;4;4;1;32;24
1997;12;17;8;40;18
1994;4;27;6;1;13
1994;7;13;18;57;57
1997;10;7;23;2;53
2000;2;10;13;50;12
1996;10;19;8;15;12
2000;7;21;21;57;24
1997;12;22;9;46;8
1999;12;4;9;52;7
1998;1;2;3;4;14
1997;5;5;10;3;29
1994;11;4;4;45;20
1998;10;7;12;34;34
1999;1;27;15;49;51
2000;10;26;3;4;32
1997;7;21;21;45;56
1998;10;22;13;52;6
1998;5;3;20;24;1
1997;1;3;23;38;34
1997;3;11;11;9;5
1994;7;6;5;34;45
1993;6;12;4;54;29
1995;9;12;6;47;55
2000;12;19;2;11;50
1995;3;1;21;26;38
2000;6;18;17;25;10
1994;1;9;21;45;35
1997;5;10;17;37;18
2000;4;20;6;15;4
1997;5;12;6;43;23
1998;2;16;18;43;58
1999;6;11;5;49;4
1997;9;4;20;24;11
1998;7;8;12;32;38
1998;9;14;14;48;53
2001;9;18;17;8;27
1998;2;22;22;21;56
1992;4;15;3;57;41
2001;6;15;10;16;19
1998;12;4;5;47;32
1997;4;20;21;4;36
1997;7;2;16;29;52
1998;3;14;15;20;40
1999;10;4;17;1;33
1998;5;12;4;50;19
1996;7;14;6;21;25
1995;4;8;5;41;56
1997;5;7;19;9;51
2000;12;10;19;21;54
1998;9;7;14;10;54
1994;11;19;3;7;54
2000;1;22;17;46;38
1998;1;12;16;43;42
1994;1;15;7;4;45
2000;2;5;23;16;14
1996;5;18;8;10;23
1999;6;4;10;31;34
1996;6;12;2;16;48
1998;2;3;2;37;49
2000;6;12;23;47;5
1999;10;2;7;57;27
1995;8;22;4;26;1
2001;10;11;2;44;26
2000;3;14;21;29;14
1999;1;22;18;42;29
2002;4;8;11;56;45
1996;1;14;12;5;16
1999;8;15;1;25;23
2000;6;14;17;16;38
2001;7;7;8;12;24
1996;10;21;22;16;5
1994;10;24;20;52;38
1996;3;15;10;56;9
1997;9;14;19;2;26
1999;11;14;2;21;11
1995;11;23;1;48;10
1995;7;19;12;10;4
2000;4;24;18;24;16
2000;6;13;18;2;43
1999;11;1;12;32;10
1996;10;22;13;43;14
1998;7;13;13;44;51
1996;1;21;6;8;38
1997;10;2;16;35;8
1998;3;1;22;48;31
1997;10;11;20;38;1
1998;10;8;18;53;35
1999;4;11;9;14;15
1998;11;11;18;40;57
1997;7;16;16;3;58
2000;3;6;16;11;7
2001;12;13;7;39;10
1998;4;4;20;41;22
1998;4;7;1;33;30
1999;2;13;11;14;35
1998;10;22;7;28;35
2003;7;4;20;20;48
2001;8;18;9;1;26
1999;10;21;17;4;9
1995;9;27;19;11;54
1995;4;3;23;19;50
1999;4;24;4;38;51
2002;10;2;23;33;12
1998;11;8;7;30;36
2002;9;11;14;42;58
1999;7;12;6;9;50
2001;1;9;11;18;17
1999;7;10;16;28;47
1998;6;8;9;3;34
1995;9;1;14;52;42
2000;8;26;3;35;44
2001;11;16;21;49;51
2001;6;25;11;47;15
1999;10;14;16;45;25
2000;2;18;10;43;34
1999;10;14;20;12;50
1999;2;10;7;19;12
1999;5;14;14;23;53
1995;3;17;15;39;9
1995;4;24;11;3;46
1997;6;18;4;15;37
2001;4;10;6;43;26
1997;4;18;23;34;20
2002;7;25;3;56;37
1996;2;2;12;29;31
1998;2;8;4;35;48
2001;6;25;3;7;26
1998;7;3;13;19;37
2000;5;17;3;45;29
2000;11;21;19;39;58
1999;2;5;14;37;23
2000;2;8;23;47;32
2000;5;10;11;30;58
2002;5;4;2;49;45
1999;11;2;23;47;52
1994;10;17;7;56;26
2002;1;20;18;10;3
1999;8;15;7;23;54
1999;6;25;15;19;45
1998;8;1;12;13;52
1999;10;17;8;27;7
2000;12;22;9;55;34
2000;12;24;12;33;18
1998;12;21;23;57;53
1997;2;4;18;26;4
1999;1;21;13;45;56
2002;2;6;19;55;25
1999;10;5;12;53;41
1996;1;5;3;22;21
2002;11;11;20;2;13
2000;3;3;16;54;56
1996;12;3;23;19;46
2002;4;19;6;4;7
1998;11;26;20;50;39
2001;8;16;15;15;39
1998;2;25;3;58;36
2000;5;17;19;14;3
2002;1;5;20;49;27
2001;3;4;21;15;3
1997;11;7;1;16;52
2003;5;13;9;9;25
2001;6;25;12;26;25
2001;7;11;21;55;17
2004;12;17;2;46;44
1997;2;1;14;54;52
2001;6;17;21;58;27
2001;6;8;7;46;54
2003;7;11;14;12;17
1998;4;11;8;21;50
1995;12;11;19;43;3
1998;4;8;7;6;49
1999;9;21;12;13;8
2001;11;12;5;29;44
1997;5;2;16;46;46
1997;10;22;17;3;51
2002;5;1;8;27;58
2001;6;2;14;49;22
2001;12;24;7;19;15
1998;9;4;18;56;2
2000;4;14;12;13;51
1998;3;25;2;7;38
1998;4;7;21;17;18
1999;6;14;17;27;22
1998;5;24;10;14;45
2000;8;10;16;41;54
2000;4;9;21;52;10
2000;5;21;1;11;23
1998;1;16;2;56;32
2002;7;2;15;20;52
2002;8;3;6;23;30
1999;3;2;5;26;44
1999;12;7;12;34;37
2001;6;23;15;40;10
1999;10;6;2;19;34
2005;5;24;23;46;38
2002;11;15;11;8;50
2001;3;5;22;24;21
1997;8;19;7;56;20
1996;3;22;10;48;35
2000;1;2;1;8;56
2003;12;9;5;51;56
2000;7;2;2;35;36
2003;6;18;16;14;14
2000;5;8;13;15;32
2003;2;1;8;51;33
2001;10;11;1;2;42
2000;9;23;21;22;39
1996;9;23;3;48;18
2001;4;17;23;13;20
2002;2;16;1;27;50
2002;4;21;15;6;27
2000;1;19;3;5;31
2002;2;1;10;28;47
2000;10;8;11;43;20
2000;8;2;2;11;24
2001;3;13;1;43;48
1997;7;20;11;15;29
1996;4;8;12;16;44
1998;9;4;4;1;9
2002;5;2;22;57;34
1999;6;3;12;8;26
2003;3;18;11;15;10
1998;1;10;16;2;39
2000;7;26;10;38;57
2003;11;8;9;58;10
1999;6;19;21;45;9
2001;1;8;1;58;11
2002;1;23;18;39;36
2000;3;7;7;39;10
2001;12;7;6;53;42
2002;2;11;10;5;37
2004;3;6;8;54;56
2001;8;26;2;34;42
1996;7;4;1;51;27
2004;6;2;4;28;21
2001;4;14;17;10;32
2001;2;16;22;34;6
1999;11;17;20;37;53
2000;1;16;7;15;50
2002;10;7;19;50;54
2002;2;3;7;7;43
2000;10;8;12;37;8
1998;7;10;13;55;30
2001;4;23;4;26;15
2004;2;10;19;57;6
2001;8;3;22;5;51
1998;2;27;1;19;29
2003;12;20;3;32;46
2002;5;23;18;48;31
1998;6;17;21;44;39
2004;11;3;8;38;21
1999;12;2;14;33;48
2002;5;20;17;44;6
1999;1;20;8;13;11
2001;6;11;15;34;25
2004;11;4;8;11;21
2002;9;25;23;28;13
1999;5;19;6;4;21
2004;4;26;16;19;52
2003;2;2;21;47;35
2003;5;14;23;32;27
2006;12;24;19;13;19
1999;2;3;16;10;33
2003;3;15;12;36;17
2002;9;21;16;15;11
2005;2;1;22;34;49
2000;4;8;17;16;21
1997;1;23;5;31;34
1999;3;17;9;20;18
2001;5;25;17;27;2
2002;6;3;5;47;25
1999;3;19;20;4;50
1998;5;14;3;22;31
2004;6;24;10;25;31
2003;2;8;11;39;29
2002;3;23;20;14;18
2000;4;7;11;44;44
2002;9;5;1;34;33
1999;9;26;13;32;30
2000;1;20;1;18;30
2000;10;19;13;4;34
1999;12;17;7;18;6
2002;1;21;15;17;7
2001;2;15;6;5;57
2002;1;2;3;51;55
2000;7;17;18;31;35
2004;10;19;5;7;8
2003;7;27;13;58;54
2001;3;17;11;39;48
2000;11;5;23;46;10
2003;3;3;5;39;21
2001;8;2;20;2;17
2006;9;12;8;22;29
2004;7;4;13;3;49
2002;4;10;3;2;23
1998;12;8;7;23;38
1997;11;14;20;6;26
2001;8;8;4;50;28
2005;2;3;8;41;11
2002;12;17;22;18;32
2005;11;4;12;9;45
2002;4;5;14;30;31
2005;11;18;20;53;10
2002;8;17;1;9;6
2001;7;25;10;8;27
1997;2;7;17;38;7
2002;4;17;20;35;18
2004;5;21;12;47;46
2004;3;2;23;43;13
2001;5;14;23;12;33
2003;6;4;17;30;58
2002;11;13;17;36;53
2001;4;2;17;20;11
2002;4;23;12;45;19
1999;1;27;21;55;31
1997;6;12;22;15;14
1999;12;27;8;30;38
2003;8;3;16;5;47
2000;2;15;18;52;34
2004;9;27;5;44;42
2000;11;21;21;38;44
2002;10;24;9;30;58
2005;2;24;20;10;43
2001;7;26;12;19;38
2003;10;10;23;46;27
2004;8;20;22;46;15
2001;1;18;15;55;12
2003;5;9;22;17;48
2003;10;8;6;45;36
2006;2;10;15;24;45
2003;10;22;20;37;20
1997;11;8;10;21;31
2006;5;7;3;13;40
2003;8;14;22;24;3
2002;9;6;15;57;31
2000;6;17;3;40;31
2002;11;24;3;19;26
2003;12;26;17;18;33
2003;3;22;5;23;50
2002;9;27;19;55;56
1999;1;16;9;45;29
2003;3;4;23;18;48
2006;6;8;14;49;44
2003;2;25;10;34;10
2000;4;26;14;51;13
2004;7;25;23;34;44
2003;6;3;3;14;18
1999;10;20;2;49;25
2005;5;6;19;39;31
2001;11;14;9;43;15
2004;2;11;12;7;27
2001;9;22;23;1;11
2003;4;7;8;46;16
2005;4;7;7;25;31
2004;11;2;3;43;53
2000;10;25;22;43;14
2006;6;23;3;43;32
2004;2;4;2;26;39
2005;9;24;7;38;44
2007;3;12;6;37;29
2000;4;5;14;16;8
2005;11;9;11;1;51
2003;3;11;20;2;38
2006;4;19;23;42;22
2002;5;24;10;28;48
1998;12;20;4;20;12
2001;4;15;9;50;30
2003;3;15;19;41;56
2003;8;18;14;35;36
2001;11;5;19;41;43
1999;3;27;10;21;55
2005;9;27;8;42;11
2005;1;22;21;53;58
2004;1;14;21;52;24
2001;1;14;3;6;58
2004;7;17;18;6;57
2000;12;14;18;53;25
2002;12;22;15;45;7
2002;3;9;19;26;30
2000;11;16;5;54;47
2004;7;1;11;45;13
2002;10;23;5;11;45
2003;1;4;10;20;12
2001;4;23;17;53;58
2005;8;20;16;10;31
2004;7;9;14;3;47
2002;6;10;4;26;4
2001;1;16;18;21;26
2004;9;23;16;24;38
2002;11;3;14;11;9
2008;4;14;18;57;51
2005;7;1;7;12;58
2003;3;12;1;31;39
2000;6;5;9;50;8
1998;9;7;7;42;12
2003;7;21;20;6;1
2006;11;26;14;9;49
2004;8;7;21;11;34
2007;10;25;23;46;42
2004;7;17;9;34;9
2007;7;7;12;11;52
2004;6;22;18;34;43
2002;2;20;11;53;19
1999;12;13;14;8;42
2004;8;19;9;4;16
2006;8;4;3;40;48
2006;11;24;23;9;21
2002;12;4;13;4;32
2004;2;3;21;36;17
2004;11;7;14;39;36
2003;8;10;10;37;31
2003;5;19;4;25;42
2001;2;19;22;56;48
1999;1;24;22;39;24
2001;12;6;13;27;58
2004;5;13;15;24;58
2002;1;18;15;35;6
2005;1;6;3;40;24
2002;5;22;21;52;2
2003;7;21;16;3;15
2006;12;10;18;52;24
2003;8;24;8;19;36
2005;7;16;3;1;36
2005;9;25;23;55;33
2003;7;12;10;7;7
2004;12;16;9;9;45
2005;3;15;15;15;21
2008;10;13;16;4;24
2004;9;23;8;31;46
1998;5;2;23;3;44
2007;8;1;3;8;27
2004;9;1;20;45;56
2003;12;20;10;42;7
2001;3;27;9;44;24
2004;6;1;6;21;24
2004;5;3;14;13;34
2004;10;26;11;25;39
2004;2;7;16;43;52
2000;8;22;18;15;56
2005;9;27;11;42;34
2007;5;19;15;37;4
2004;7;14;21;9;58
2002;8;13;4;50;58
2005;12;6;19;21;22
2004;5;11;8;3;48
2001;9;4;19;8;24
2006;10;14;21;11;35
2002;6;17;12;23;12
2005;11;10;4;5;37
2002;1;13;23;25;58
2004;2;2;22;46;28
2007;1;15;15;9;45
2005;2;25;22;24;22
2001;5;1;8;15;11
2007;1;19;5;35;35
2006;7;14;14;23;58
2006;12;20;21;53;33
2009;8;21;14;20;57
2001;5;13;9;57;49
2006;4;24;21;10;12
2005;10;16;14;20;51
2007;11;17;21;5;44
2004;11;8;10;47;31
1999;1;4;17;11;37
2003;7;22;20;25;45
2004;9;7;14;15;19
2004;4;16;16;53;40
2002;1;24;20;33;31
2001;1;5;7;44;8
2006;5;5;3;36;16
2006;8;9;2;46;22
2006;12;13;6;35;51
2003;6;17;2;8;38
2006;12;25;1;26;24
2001;7;2;22;1;32
2004;8;20;17;55;12
2003;2;14;3;56;42
2001;12;20;14;39;50
2005;10;4;5;2;15
2004;1;10;11;48;1
2004;5;24;6;15;29
2003;2;1;1;23;55
2007;2;20;8;46;58
2006;6;11;19;41;21
2003;9;7;14;47;56
2002;9;11;18;31;32
2006;5;13;21;24;51
2003;2;12;23;15;30
2010;11;22;23;5;51
2007;2;16;6;30;15
2004;12;22;3;38;56
2002;5;20;12;43;40
2000;3;11;20;23;18
2004;2;3;15;22;30
2008;5;11;23;39;43
2005;1;12;22;29;32
2008;11;21;13;37;38
2005;4;11;12;51;18
2009;9;18;13;7;39
2006;2;10;13;18;1
2003;8;19;2;38;21
2000;6;20;5;33;45
2006;1;14;14;54;2
2008;12;18;22;52;39
2007;5;6;22;28;5
2003;5;2;11;37;14
2005;8;9;3;21;58
2006;8;19;14;23;28
2004;7;2;1;23;52
2004;6;26;7;52;55
2003;1;27;18;23;29
2001;4;1;16;37;4
2002;4;20;4;23;46
2005;4;21;1;12;50
2004;10;12;20;43;8
2006;2;14;14;53;49
2003;11;6;17;18;5
2004;2;3;17;56;20
2008;5;3;7;1;21
2004;12;15;17;55;56
2006;3;8;1;50;3
2006;3;5;19;44;4
2004;2;4;5;1;28
2005;8;2;11;24;27
2006;9;16;10;34;42
2010;12;25;13;13;37
2005;9;15;5;6;9
2000;6;12;13;10;58
2009;2;22;14;5;46
2005;11;23;13;5;54
2004;2;14;6;32;7
2002;10;4;10;57;32
2005;10;14;15;28;1
2006;5;5;4;58;23
2006;6;14;4;15;57
2005;8;9;15;52;36
2002;9;17;15;55;58
2007;7;3;4;32;32
2009;12;23;1;28;4
2006;5;25;23;53;38
2003;2;3;15;29;54
2007;6;24;20;57;53
2006;3;2;3;8;32
2002;7;5;14;1;14
2007;6;18;6;49;29
2004;12;22;19;44;7
2006;2;24;15;57;43
2003;11;2;20;22;21
2006;3;8;20;30;30
2009;1;12;17;24;38
2007;9;20;13;3;48
2002;1;18;7;30;23
2008;5;24;2;44;41
2008;12;12;8;33;38
2008;1;7;2;38;22
2010;12;12;21;3;42
2002;4;9;20;23;51
2008;8;19;8;9;29
2006;9;14;5;4;36
2008;11;4;5;16;27
2006;6;24;19;30;37
2001;9;6;4;57;34
2005;6;25;19;7;45
2005;10;25;9;6;41
2005;8;24;15;9;1
2003;12;1;3;36;35
2003;8;24;23;37;55
2007;7;24;15;53;34
2007;3;13;4;31;50
2008;7;10;23;16;14
2005;8;14;22;1;31
2007;11;23;6;51;52
2003;5;25;17;40;9
2006;10;11;7;54;1
2005;6;12;21;54;22
2002;6;20;19;21;51
2006;1;18;18;6;56
2005;9;21;23;35;43
2006;7;6;22;51;47
2004;12;21;17;22;40
2008;5;6;20;48;6
2008;3;24;22;24;34
2004;9;2;22;44;24
2004;9;23;15;37;57
2008;1;22;3;24;50
2004;11;5;12;54;50
2012;11;24;13;19;40
2009;12;1;16;42;58
2006;8;17;11;2;5
2004;10;14;19;21;51
2002;7;4;19;58;38
2005;7;2;8;48;22
2010;7;26;3;29;27
2007;12;7;14;32;5
2009;12;13;18;11;56
2006;12;11;6;57;46
2011;2;17;21;41;35
2008;6;19;2;55;12
2005;1;25;14;56;41
2002;9;16;6;22;26
2007;8;25;10;4;54
2010;4;6;9;52;30
2009;4;19;17;38;8
2005;2;11;21;36;18
2007;6;22;4;48;5
2007;10;19;17;50;12
2005;12;17;10;6;11
2005;7;25;6;10;53
2005;12;13;6;20;54
2003;1;17;5;25;45
2003;5;11;6;11;44
2006;1;5;3;44;13
2006;9;27;2;5;51
2008;11;23;2;11;6
2005;3;4;11;24;50
2005;4;26;7;56;21
2010;2;24;17;28;34
2005;2;2;2;58;39
2007;5;7;14;2;33
2007;8;14;1;5;54
2006;4;13;20;30;42
2006;7;22;23;25;26
2008;6;26;6;53;6
2012;5;14;12;21;4
2007;4;16;21;8;51
2002;9;25;1;37;7
2011;6;20;18;11;4
2007;4;7;7;51;47
2006;1;7;14;53;58
2004;11;10;23;30;43
2007;6;27;4;40;16
2008;11;3;9;35;11
2007;8;12;14;33;6
2006;9;26;18;15;2
2004;3;26;17;18;49
2008;7;7;13;17;36
2011;2;8;15;7;34
2008;12;15;19;23;41
2004;10;22;23;48;18
2009;3;20;12;51;56
2007;7;21;14;14;31
2004;5;16;21;2;32
2009;3;7;14;1;13
2006;7;27;6;41;38
2008;6;22;20;5;20
2004;8;17;9;58;49
2007;11;18;18;56;22
2010;3;17;1;21;54
2008;1;14;2;11;20
2003;4;9;2;41;46
2009;9;8;11;54;26
2009;3;16;16;25;41
2009;2;9;11;53;16
2012;8;17;15;43;19
2004;7;3;16;4;51
2010;2;14;21;47;29
2007;6;19;14;4;33
2010;8;16;7;6;54
2008;4;10;14;20;16
2003;1;12;21;55;8
2007;4;15;14;41;15
2006;12;8;17;35;1
2007;5;27;10;10;41
2004;10;5;5;15;14
2005;1;21;18;21;50
2008;9;23;14;51;12
2008;10;23;3;23;54
2010;1;2;19;27;44
2007;4;25;16;8;52
2009;11;1;14;2;1
2004;6;23;6;1;4
2008;9;22;17;44;31
2007;11;11;15;34;33
2004;4;12;1;16;13
2007;10;1;3;42;21
2006;7;26;23;31;52
2007;1;15;10;5;45
2005;11;18;7;49;22
2010;1;9;19;40;4
2009;10;25;6;56;20
2006;4;26;17;58;14
2005;11;21;2;45;48
2009;11;3;20;4;36
2006;4;11;18;53;21
2013;12;26;17;17;45
2011;7;2;19;16;1
2008;7;17;12;51;54
2005;6;22;18;15;36
2003;7;18;5;41;43
2007;8;10;19;1;13
2012;7;22;10;33;40
2008;10;20;17;1;40
2010;11;8;3;52;45
2007;3;14;9;1;1
2012;5;11;22;56;8
2009;12;19;12;26;9
2007;10;12;6;41;46
2004;5;26;1;16;53
2008;6;16;18;6;50
2011;12;16;4;40;18
2011;7;16;16;54;10
2006;4;2;6;27;53
2009;6;18;4;21;7
2009;3;25;10;11;48
2007;10;24;11;19;27
2006;10;19;12;38;42
2007;1;8;17;37;42
2004;7;9;13;24;33
2004;6;27;17;24;16
2007;6;14;7;50;43
2008;11;26;8;26;46
2009;1;27;19;55;57
2007;11;1;7;17;27
2007;11;3;12;8;53
2012;4;22;22;2;55
2007;8;23;6;38;22
2009;3;11;19;7;34
2008;12;15;5;55;48
2007;9;27;4;23;11
2007;6;9;2;48;10
2010;7;26;2;55;25
2013;11;5;2;57;40
2009;6;18;12;17;41
2003;10;16;9;58;36
2012;3;7;14;45;58
2008;3;27;7;22;37
2008;11;14;6;37;30
2006;9;18;3;17;40
2008;11;18;4;43;18
2010;3;18;23;21;42
2009;1;27;4;31;47
2008;9;20;11;51;1
2005;9;18;1;34;41
2010;7;12;6;39;20
2013;3;21;22;40;30
2009;12;25;6;52;47
2006;6;7;4;24;35
2010;11;27;1;21;52
2009;6;4;19;3;32
2006;9;1;23;47;42
2010;7;25;17;39;38
2007;1;4;22;57;46
2009;5;5;6;55;19
2006;7;16;9;43;34
2008;10;18;10;56;29
2011;6;6;13;36;42
2010;6;26;7;40;28
2004;4;4;21;23;11
2011;4;1;3;26;34
2010;6;21;21;16;39
2011;2;19;12;29;30
2014;8;23;23;10;3
2005;3;3;3;53;48
2011;7;13;14;31;41
2008;12;8;21;39;52
2011;4;22;7;27;44
2009;11;12;14;46;23
2004;2;14;9;55;21
2009;12;14;10;15;24
2007;5;13;7;14;56
2008;4;22;9;26;55
2005;10;25;5;53;57
2007;5;24;15;15;52
2010;3;7;15;55;19
2010;7;12;9;29;16
2012;4;24;23;15;24
2008;9;1;21;38;56
2011;7;22;22;19;56
2005;10;23;20;33;6
2009;12;9;4;27;46
2009;2;24;13;34;28
2006;10;8;12;33;58
2009;6;26;19;19;41
2008;6;10;13;4;22
2008;6;22;22;10;39
2006;3;21;23;40;54
2012;8;21;19;30;43
2010;2;17;14;2;22
2007;8;3;20;31;28
2007;10;22;15;39;31
2010;12;15;12;53;29
2008;12;4;8;9;2
2014;9;5;1;36;20
2012;5;23;22;18;53
2010;11;24;8;9;46
2007;12;6;3;17;16
2004;10;17;5;47;45
2009;10;24;8;5;37
2013;4;18;3;40;9
2009;11;12;14;12;46
2011;10;6;15;28;56
2008;3;23;9;10;3
2013;3;3;18;36;12
2011;3;17;18;41;51
2008;6;19;17;16;25
2006;5;21;12;38;3
2009;4;22;2;6;15
2012;10;4;4;46;36
2013;2;17;11;33;28
2008;7;20;6;6;6
2011;6;11;17;42;13
2010;9;2;6;12;5
2008;5;1;11;31;44
2007;4;7;2;28;16
2008;5;11;18;11;18
2005;2;12;10;3;21
2005;8;26;1;32;22
2008;8;2;6;16;3
2010;2;19;4;16;27
2010;8;10;20;11;48
2009;5;16;15;58;28
2009;6;3;1;7;42
2014;11;12;9;38;28
2009;11;3;8;7;50
2011;2;11;10;50;21
2010;10;12;9;11;21
2008;1;20;12;4;7
2009;4;1;18;9;24
2011;1;18;7;24;44
2015;5;2;3;26;43
2010;4;19;12;29;45
2004;12;3;2;46;42
2014;2;17;22;28;25
2009;4;13;13;9;13
2010;5;23;3;29;40
2008;4;25;6;39;26
2010;5;20;6;48;3
2012;7;9;17;42;6
2010;12;12;19;32;56
2009;12;15;11;52;3
2006;11;20;9;42;33
2011;9;8;5;24;2
2014;5;9;21;44;55
2011;7;13;3;18;44
2008;3;27;2;50;5
2011;10;19;20;36;18
2010;5;2;11;55;3
2007;9;22;22;12;40
2012;3;25;22;31;48
2009;10;25;20;1;55
2011;7;12;18;45;24
2008;7;7;11;19;9
2009;12;27;3;23;24
2013;7;20;16;37;34
2012;4;3;15;28;36
2005;4;15;15;3;17
2013;11;17;13;41;39
2011;9;19;16;36;24
2013;1;25;17;56;56
2016;1;3;21;41;10
2006;5;10;5;58;45
2013;3;6;15;37;36
2010;1;16;20;48;53
2012;1;6;9;52;41
2011;1;22;17;44;23
2006;11;7;11;2;31
2011;5;3;21;31;1
2009;9;1;15;49;16
2010;3;4;9;16;28
2006;9;11;14;58;56
2009;11;6;8;7;51
2012;5;10;23;45;58
2011;1;11;8;55;30
2014;6;16;11;45;18
2009;7;6;20;50;4
2013;5;6;12;36;43
2006;3;12;3;53;43
2011;9;13;14;44;56
2010;2;16;23;48;57
2008;3;21;6;50;10
2010;12;3;19;22;16
2010;6;16;5;52;44
2010;3;1;7;55;11
2007;8;3;6;33;52
2014;6;21;3;13;51
2012;11;8;11;37;29
2008;11;1;13;27;21
2009;12;22;19;5;30
2012;1;4;4;13;55
2010;6;3;3;27;28
2015;4;4;19;13;53
2013;11;10;1;43;58
2012;8;7;3;34;38
2008;12;24;1;23;2
2006;9;3;17;52;51
2011;10;17;2;36;28
2015;2;7;7;2;41
2011;2;2;11;58;54
2012;7;20;7;50;22
2009;5;20;18;29;2
2014;7;20;16;43;57
2013;7;11;13;43;18
2010;12;21;21;32;51
2008;11;24;1;12;15
2011;6;11;12;12;26
2014;6;14;19;17;10
2014;6;9;2;12;30
2009;12;14;11;20;42
2012;3;26;14;26;56
2011;1;8;3;24;29
2010;8;17;3;48;10
2009;8;19;16;5;55
2010;12;2;17;35;1
2006;2;3;10;1;43
2006;9;24;21;43;30
2010;3;16;9;43;52
2011;4;6;2;50;6
2011;5;11;3;55;38
2011;5;2;16;21;46
2011;11;8;16;12;52
2015;1;5;21;22;43
2010;10;26;6;49;41
2013;11;16;13;52;36
2011;2;26;18;48;46
2009;1;13;14;26;31
2010;7;1;2;23;53
2013;10;19;18;35;4
2016;10;9;6;37;35
2011;3;8;15;55;48
2005;6;10;23;56;46
2015;5;6;17;9;53
2010;2;4;8;48;5
2011;2;4;19;57;8
2009;1;14;4;26;57
2011;3;19;21;39;35
2014;7;17;4;55;10
2011;3;10;10;10;47
2010;8;10;17;54;18
2008;1;6;12;18;57
2012;1;12;18;16;11
2016;1;6;9;46;27
2013;4;3;6;6;52
2010;4;18;15;38;15
2013;12;16;5;24;58
2011;11;4;21;6;29
2008;7;20;5;31;14
2014;7;22;18;9;20
2010;2;22;10;21;29
2013;10;24;3;8;34
2009;1;1;18;42;45
2010;7;21;3;13;46
2014;6;21;4;30;15
2013;5;25;19;31;34
2006;8;19;10;21;23
2014;6;2;5;46;22
2013;6;18;5;20;5
2015;2;14;14;53;41
2018;3;13;20;5;3
2008;4;7;21;18;41
2014;3;16;19;2;38
2011;2;4;9;52;45
2013;11;14;20;2;47
2013;11;15;11;8;18
2008;5;9;19;7;24
2013;1;7;13;48;57
2011;7;12;4;19;3
2012;3;27;8;30;50
2008;5;12;15;55;7
2010;3;22;15;38;42
2013;7;3;11;10;52
2013;7;12;16;36;2
2015;1;3;23;14;52
2011;8;18;20;31;6
2015;2;13;17;22;32
2007;3;25;21;49;18
2012;12;6;2;31;23
2011;3;7;14;11;20
2009;2;16;9;9;29
2011;1;22;9;50;10
2012;3;5;22;6;27
2011;12;27;1;43;3
2008;5;15;12;58;41
2015;2;26;13;29;5
2014;6;8;5;44;57
2010;6;14;4;39;21
2011;7;17;1;8;2
2013;10;6;4;37;48
2012;5;13;4;38;36
2016;6;17;11;29;13
2015;7;11;2;33;25
2013;10;16;14;13;19
2010;9;14;2;17;39
2008;5;23;3;19;13
2013;11;1;9;29;8
2017;11;2;20;23;13
2013;12;19;10;41;38
2013;2;26;13;6;47
2011;8;24;3;10;43
2015;2;17;15;31;49
2015;1;12;17;16;5
2012;11;19;20;26;8
2010;4;19;8;4;37
2013;4;16;20;11;25
2016;1;7;21;23;23
2016;7;19;13;55;13
2010;7;16;10;28;26
2013;7;3;16;14;44
2012;6;5;6;5;34
2011;12;10;12;31;3
2010;11;26;21;47;14
2011;7;25;16;52;32
2007;2;4;6;6;12
2008;11;23;14;24;16
2011;2;2;2;41;54
2012;10;26;17;39;50
2012;11;7;4;33;27
2012;1;14;10;25;5
2012;5;4;8;5;25
2017;3;24;19;49;18
2011;11;2;6;26;17
2015;2;23;13;1;25
2012;3;5;7;38;4
2010;7;15;14;54;43
2012;4;26;6;22;32
2014;12;27;4;33;28
2018;10;18;10;49;51
2012;5;5;23;18;13
2007;8;3;3;9;11
2017;7;20;17;56;7
2012;9;25;8;14;39
2012;3;4;7;14;42
2010;1;21;8;58;36
2012;6;3;1;3;13
2016;3;21;20;24;41
2013;3;1;17;34;47
2012;9;10;1;17;26
2010;9;18;2;26;43
2013;9;18;12;10;33
2017;3;12;23;21;38
2014;2;21;10;15;35
2011;7;26;14;9;37
2015;6;17;3;46;41
2013;3;3;4;12;22
2010;2;14;17;53;12
2016;8;3;19;11;34
2011;3;19;18;16;54
2015;12;24;23;27;2
2010;6;15;8;58;43
2011;12;26;10;45;3
2016;8;15;10;13;23
2015;11;9;19;14;51
2008;7;3;4;14;33
2016;11;16;7;9;38
2015;10;9;4;8;1
2017;1;7;12;4;45
2020;10;26;8;7;52
2010;2;2;3;31;23
2015;12;27;15;41;32
2012;5;20;8;11;38
2014;7;19;18;47;56
2014;2;26;21;55;39
2009;8;9;19;19;13
2015;3;12;7;19;29
2013;11;10;5;45;6
2013;4;22;15;55;18
2009;1;14;13;20;37
2012;10;26;17;21;38
2015;12;3;22;1;49
2014;3;20;7;2;35
2016;12;9;16;31;55
2013;6;26;4;51;57
2017;9;23;15;46;30
2009;6;4;19;32;1
2014;11;12;17;57;27
2012;11;19;13;7;31
2011;6;26;15;45;53
2012;5;26;8;4;11
2014;4;13;23;6;49
2012;9;26;23;34;10
2009;4;21;14;42;28
2017;4;22;14;9;19
2016;1;14;11;51;5
2012;1;13;20;20;42
2012;11;7;21;36;24
2015;6;14;22;3;4
2014;3;20;17;10;47
2017;8;21;2;40;58
2017;7;9;21;4;18
2015;9;1;17;14;55
2011;1;7;23;8;12
2009;8;17;9;54;39
2014;3;20;19;35;56
2019;7;27;1;25;40
2015;6;10;1;56;44
2014;10;15;23;6;56
2012;5;4;1;52;18
2016;7;22;1;26;15
2017;12;10;2;22;26
2014;2;17;9;15;5
2011;11;2;22;44;48
2015;8;1;2;48;34
2018;9;5;21;50;43
2018;3;17;9;54;36
2011;6;9;2;46;50
2014;2;22;20;31;3
2014;12;11;18;24;26
2013;10;17;1;50;35
2011;12;18;12;18;43
2012;3;22;10;58;53
2009;7;22;2;55;49
2010;8;18;10;45;35
2012;10;16;9;28;17
2014;3;15;17;16;19
2013;2;6;3;41;36
2014;9;14;12;11;10
2014;9;15;11;24;51
2019;3;20;18;16;33
2013;9;27;14;47;6
2017;12;2;4;6;22
2014;8;13;3;28;46
2012;8;9;18;56;7
2014;8;12;5;49;14
2015;1;10;19;31;1
2019;3;16;14;56;55
2014;6;18;7;40;35
2009;7;21;1;2;13
2019;11;9;5;26;18
2014;2;19;16;9;3
2013;12;25;1;13;45
2011;11;9;21;35;47
2013;4;25;8;33;9
2018;11;10;10;15;27
2015;9;7;4;20;49
2013;1;14;2;44;57
2011;10;23;20;29;12
2014;10;12;18;34;6
2019;8;23;8;22;42
2015;3;25;6;25;13
2012;1;16;16;32;31
2017;1;2;1;46;9
2014;7;1;10;29;12
2012;6;22;15;39;20
2017;7;24;7;15;28
2012;6;23;15;35;40
2017;6;13;7;58;15
2012;12;22;21;39;51
2012;4;14;23;52;32
2018;8;26;10;12;23
2017;10;4;20;52;45
2010;2;6;6;21;15
2017;6;12;5;24;32
2016;8;26;10;16;40
2018;2;3;17;32;33
2022;6;1;20;5;26
2011;11;23;1;28;13
2017;7;9;14;42;48
2013;2;13;9;48;29
2016;6;21;14;41;57
2015;9;11;10;20;11
2011;12;18;9;24;53
2017;12;19;10;41;15
2014;9;23;16;17;35
2014;1;10;23;11;30
2010;2;3;17;34;41
2013;8;5;14;25;5
2017;9;20;18;15;7
2016;8;20;21;25;36
2018;10;1;19;31;35
2014;8;13;20;11;7
2019;9;25;17;30;31
2010;9;7;7;9;19
2015;11;13;18;46;4
2014;8;27;19;43;25
2012;9;14;7;16;32
2013;11;20;16;16;14
2016;5;23;5;44;17
2013;10;8;6;27;53
2010;10;23;11;53;57
2018;2;6;4;31;4
2018;2;13;18;35;18
2013;9;4;20;4;45
2014;8;20;7;26;26
2016;10;6;17;43;17
2015;9;2;12;54;9
2019;9;17;10;44;16
2019;11;15;12;55;22
2016;8;6;13;48;47
2012;1;21;7;39;55
2011;2;18;13;33;56
2016;5;18;21;18;31
2020;4;9;11;11;19
2017;2;21;19;47;9
2015;2;3;12;11;23
2013;3;12;4;47;52
2018;8;25;2;25;9
2018;6;18;9;6;27
2015;3;11;16;1;53
2013;7;4;15;18;15
2016;7;11;7;49;32
2020;1;23;18;8;52
2019;11;7;3;17;38
2012;5;27;8;50;42
2015;2;2;20;55;11
2015;4;20;4;18;48
2014;11;21;12;9;21
2012;11;5;13;29;16
2013;7;17;3;17;41
2011;3;3;8;1;58
2011;4;5;11;5;41
2013;12;10;3;3;30
2015;11;14;11;52;52
2014;7;16;10;49;21
2015;5;18;7;39;9
2016;7;27;5;24;32
2020;6;21;6;27;24
2015;1;14;13;25;29
2018;8;24;8;24;17
2015;5;8;7;43;4
2013;6;24;6;49;39
2016;9;9;7;38;22
2016;11;11;18;3;14
2021;5;9;9;44;12
2016;4;9;10;35;5
2010;5;20;11;16;49
2020;5;7;4;32;31
2016;8;12;1;45;37
2014;10;21;3;19;12
2013;1;20;2;8;47
2015;4;22;18;51;43
2020;4;17;11;11;30
2017;3;6;14;31;20
2014;12;25;19;11;57
2012;8;27;2;4;40
2016;11;21;6;12;52
2021;8;21;21;58;7
2017;4;23;20;8;18
2013;12;27;2;39;13
2019;5;23;19;10;18
2016;9;9;23;49;2
2014;11;19;14;30;12
2019;5;7;20;34;31
2014;4;4;8;24;36
2019;2;17;7;35;48
2013;8;10;1;55;5
2013;10;21;20;36;7
2020;6;13;21;36;5
2019;7;25;18;26;53
2012;5;20;16;54;54
2018;2;19;15;1;42
2018;5;19;10;40;9
2019;8;9;16;27;47
2023;9;15;8;34;18
2013;7;2;16;11;47
2018;5;18;20;28;11
2014;4;13;3;57;45
2018;3;7;11;20;16
2016;6;7;3;8;58
2012;7;13;5;16;26
2019;10;18;15;51;55
2015;5;5;7;46;12
2016;8;2;2;14;27
2012;6;5;18;42;54
2015;8;7;19;17;45
2019;3;15;17;37;5
2017;11;22;11;27;51
2020;9;20;13;30;8
2016;4;27;11;25;28
2021;12;18;8;46;18
2011;12;1;12;29;29
2016;8;21;14;41;26
2015;8;5;5;20;20
2014;3;8;20;32;28
2014;2;25;22;58;19
2018;9;7;4;27;53
2015;1;10;3;55;40
2011;3;18;22;42;2
2020;12;3;14;41;27
2020;12;13;23;56;45
2014;6;20;21;8;54
2016;2;10;9;10;21
2017;10;6;8;55;23
2017;4;12;15;32;52
2020;2;11;6;53;37
2020;4;6;11;1;15
2017;11;9;10;2;39
2014;5;15;14;26;57
2013;6;7;15;2;16
2018;12;8;7;56;48
2022;9;23;19;33;9
2019;8;5;3;45;57
2016;12;6;12;40;7
2015;9;5;3;58;39
2020;1;14;17;2;15
2020;2;5;2;21;1
2017;5;21;11;43;51
2014;1;20;8;41;47
2017;9;11;3;45;26
2022;4;23;12;49;8
2020;11;14;8;16;49
2014;6;21;7;26;6
2017;6;1;18;8;36
2017;12;10;6;16;46
2016;1;13;9;29;50
2013;12;14;8;57;18
2014;6;24;17;5;28
2013;1;15;5;4;3
2013;12;2;23;45;21
2014;4;6;5;13;58
2017;8;21;23;24;47
2015;10;4;17;31;13
2017;5;20;20;58;3
2018;8;3;1;23;37
2021;9;21;15;56;27
2017;3;11;21;45;25
2020;11;1;18;23;33
2017;4;13;14;21;6
2015;9;26;23;33;16
2018;2;5;2;30;48
2017;12;20;12;15;16
2022;7;12;12;43;7
2018;12;15;5;5;57
2011;12;25;10;51;39
2022;10;24;7;9;12
2018;9;7;18;1;54
2015;1;4;12;17;49
2014;5;17;11;35;26
2016;9;20;1;15;8
2022;5;25;3;46;39
2018;3;23;20;47;13
2016;8;15;6;8;17
2014;9;1;22;53;29
2018;7;18;23;46;41
2022;11;10;16;19;11
2019;7;10;4;27;51
2015;4;25;18;14;15
2020;12;23;19;5;25
2017;4;20;2;43;22
2016;7;9;23;57;38
2021;1;4;17;54;25
2016;10;15;8;50;7
2021;8;9;17;16;32
2014;3;6;2;57;28
2014;2;12;12;52;4
2022;6;10;21;57;27
2021;5;1;2;19;21
2014;11;19;14;25;49
2019;8;15;17;15;28
2020;9;6;20;14;48
2021;11;26;20;37;17
2024;7;17;15;14;58
2015;1;4;2;13;39
2019;4;9;19;1;7
2016;5;19;17;4;25
2019;11;17;15;18;18
2018;10;12;22;22;46
2013;11;27;3;26;36
2020;11;1;18;17;18
2017;1;20;15;50;54
2018;9;26;16;4;42
2014;9;15;5;16;29
2016;5;24;13;39;43
2020;5;3;12;16;33
2018;5;27;9;56;35
2021;5;13;19;50;46
2017;12;13;3;33;2
2022;3;7;3;35;15
2012;12;3;21;40;39
2018;7;4;2;16;47
2016;2;6;22;47;44
2015;2;10;17;24;16
2015;7;27;17;44;20
2020;10;24;5;31;25
2017;8;9;9;53;31
2012;5;11;12;17;42
2021;5;18;13;34;36
2022;3;11;23;3;27
2016;9;18;10;46;22
2017;10;2;11;33;25
2018;3;20;16;30;7
2018;11;10;6;44;9
2022;12;5;22;25;1
2022;8;11;19;52;38
2018;5;21;14;17;56
2016;4;7;11;49;6
2015;7;14;15;56;32
2020;9;13;16;44;45
2024;9;6;19;24;30
2020;9;17;10;39;15
2017;1;15;23;14;15
2017;10;27;16;3;45
2022;4;6;16;16;33
2022;3;11;4;30;26
2018;5;15;20;17;30
2016;6;3;4;15;10
2018;5;26;2;51;43
2023;3;6;23;2;28
2021;10;26;11;32;14
2015;6;27;8;45;49
2019;2;16;14;41;18
2019;10;2;10;48;50
2017;5;2;22;7;2
2014;3;14;7;31;31
2015;2;19;21;24;5
2014;9;5;11;46;42
2015;5;4;5;4;43
2015;7;8;10;50;3
2018;6;27;14;9;3
2017;2;22;3;45;12
2019;12;9;8;56;55
2019;10;16;18;33;5
2022;3;10;10;48;49
2018;10;15;18;22;15
2021;3;1;7;31;56
2018;12;19;14;2;10
2017;2;22;7;8;12
2019;11;7;20;44;19
2018;10;22;9;19;14
2024;11;2;5;37;4
2019;4;25;2;39;58
2012;3;26;10;21;17
2023;5;27;16;3;50
2019;7;18;21;48;16
2016;7;16;16;24;41
2016;6;14;20;39;16
2017;7;8;7;27;55
2023;12;24;7;23;10
2020;9;5;17;50;19
2017;12;18;22;13;29
2015;3;1;17;1;1
2019;5;22;23;1;53
2023;11;4;13;23;16
2020;8;14;19;40;10
2016;10;13;18;11;46
2021;12;10;16;27;5
2019;7;4;23;25;7
2017;12;6;2;54;23
2023;8;25;9;36;50
2018;1;4;16;21;28
2022;4;22;11;3;49
2015;7;25;20;35;36
2015;11;17;2;27;58
2024;9;22;19;13;29
2023;8;12;16;51;37
2016;10;2;10;54;58
2021;12;27;3;6;42
2022;12;10;6;5;53
2023;8;2;16;33;57
2026;9;9;15;37;48
2016;5;25;18;27;7
2021;9;10;7;54;6
2018;2;11;23;23;6
2020;9;11;15;27;27
2020;5;22;16;17;36
2015;12;13;13;10;26
2022;6;11;15;43;16
2018;2;26;11;34;18
2019;2;16;4;47;41
2015;3;21;7;3;44
2017;2;3;11;21;3
2022;2;10;6;42;34
2020;1;23;13;53;35
